{
    "50054": 1739347073.973134,
    "50053": 1739347073.957551
}