{
    "50051": 1740204004.341928,
    "50055": 1740204064.347189
}